001	1.e5vbn.png	0	1.1loh0.png	0	Socialite Fencer
002	1.e5vbn.png	1	1.1loh0.png	1	Pub Bouncer
003	1.e5vbn.png	2	1.1loh0.png	2	Trinity Rusher
004	1.e5vbn.png	3	1.1loh0.png	3	Trinity Potshot
005	1.e5vbn.png	4	1.1loh0.png	4	Claw Caster
006	1.e5vbn.png	5	1.1loh0.png	5	Chain Initiate
007	2.3nu50.png	0	2.am5q0.png	0	LDF Peacekeeper
008	2.3nu50.png	1	2.am5q0.png	1	Trinity Basher
009	2.3nu50.png	2	2.am5q0.png	2	Claw Slicer
010	2.3nu50.png	3	2.am5q0.png	3	Factory Markswoman
011	2.3nu50.png	4	2.am5q0.png	4	Rage Spellslinger
012	2.3nu50.png	5	2.am5q0.png	5	LDF Medic
013	3.6msbc.png	0	3.9vilp.png	0	Apprentice Builder
014	3.6msbc.png	1	3.9vilp.png	1	Master Builder
015	3.6msbc.png	2	3.9vilp.png	2	Rage Brute
016	3.6msbc.png	3	3.9vilp.png	3	Rage Bruiser
017	3.6msbc.png	4	3.9vilp.png	4	Claw Skirmisher
018	3.6msbc.png	5	3.9vilp.png	5	Claw Ambusher
019	4.6ok6a.png	0	4.7lkhq.png	0	LDF Gunner
020	4.6ok6a.png	1	4.7lkhq.png	1	LDF Sureshot
021	4.6ok6a.png	2	4.7lkhq.png	2	Order Pupil
022	4.6ok6a.png	3	4.7lkhq.png	3	Order Scholar
023	4.6ok6a.png	4	4.7lkhq.png	4	Order Cleric
024	4.6ok6a.png	5	4.7lkhq.png	5	Order Chaplain
025	5.pqqg.png	0	5.719di.png	0	Order Disciple
026	5.pqqg.png	1	5.719di.png	1	Order Zealot
027	5.pqqg.png	2	5.719di.png	2	LDF Flight Officer
028	5.pqqg.png	3	5.719di.png	3	LDF Flight Commander
029	5.pqqg.png	4	5.719di.png	4	Order Apostle
030	5.pqqg.png	5	5.719di.png	5	Order Missionary
031	6.b5jr3.png	0	6.31ir0.png	0	Haven Trapper
032	6.b5jr3.png	1	6.31ir0.png	1	Haven Huntsman
033	6.b5jr3.png	2	6.31ir0.png	2	Trinity Messenger
034	6.b5jr3.png	3	6.31ir0.png	3	Trinity Herald
035	6.b5jr3.png	4	6.31ir0.png	4	Claw Minstrel
036	6.b5jr3.png	5	6.31ir0.png	5	Claw Rocker
037	7.92khg.png	0	7.3qqat.png	0	LDF Constable
038	7.92khg.png	1	7.3qqat.png	1	LDF Sergeant
039	7.92khg.png	2	7.3qqat.png	2	Claw Chopper
040	7.92khg.png	3	7.3qqat.png	3	Claw Cleaver
041	7.92khg.png	4	7.3qqat.png	4	Street Urchin
042	7.92khg.png	5	7.3qqat.png	5	Street Hoodlum
043	8.fj48b.png	0	8.dt6s.png	0	LDF Bowgunner
044	8.fj48b.png	1	8.dt6s.png	1	LDF Bolt Slinger
045	8.fj48b.png	2	8.dt6s.png	2	LDF Crowd Mage
046	8.fj48b.png	3	8.dt6s.png	3	LDF Riot Mage
047	8.fj48b.png	4	8.dt6s.png	4	Street Nurse
048	8.fj48b.png	5	8.dt6s.png	5	Street Matron
049	9.7gtjm.png	0	9.u068.png	0	Junkyard Looter
050	9.7gtjm.png	1	9.u068.png	1	Junkyard Scavenger
051	9.7gtjm.png	2	9.u068.png	2	Ceremonial Guard
052	9.7gtjm.png	3	9.u068.png	3	Ceremonial Bulwark
053	9.7gtjm.png	4	9.u068.png	4	Faceless Assailant
054	9.7gtjm.png	5	9.u068.png	5	Faceless Assassin
055	10.8kb47.png	0	10.fhgo7.png	0	Dart Shooter
056	10.8kb47.png	1	10.fhgo7.png	1	Dart Sharpshooter
057	10.8kb47.png	2	10.fhgo7.png	2	Fortune Teller
058	10.8kb47.png	3	10.fhgo7.png	3	Fortune Diviner
059	10.8kb47.png	4	10.fhgo7.png	4	Blight Doctor
060	10.8kb47.png	5	10.fhgo7.png	5	Blight Physician
061	11.3pq5.png	0	11.74vhv.png	0	Pub Barman
062	11.3pq5.png	1	11.74vhv.png	1	Pub Landlord
063	11.3pq5.png	2	11.74vhv.png	2	Morbid Digger
064	11.3pq5.png	3	11.74vhv.png	3	Morbid Undertaker
065	11.3pq5.png	4	11.74vhv.png	4	Pirate Grappler
066	11.3pq5.png	5	11.74vhv.png	5	Pirate Cut-Throat
068	12.fq3rm.png	1	12.fbv5r.png	1	Master of Ceremonies
069	12.fq3rm.png	2	12.fbv5r.png	2	Conjuring Clown
070	12.fq3rm.png	3	12.fbv5r.png	3	Conjuring Harlequin
071	12.fq3rm.png	4	12.fbv5r.png	4	The Botanist
072	12.fq3rm.png	5	12.fbv5r.png	5	The Ecologist
073	13.am352.png	0	13.bp69q.png	0	Commune Defender
074	13.am352.png	1	13.bp69q.png	1	Commune Conductor
075	13.am352.png	2	13.bp69q.png	2	LDF Swordwielder
076	13.am352.png	3	13.bp69q.png	3	LDF Greatsword
077	13.am352.png	4	13.bp69q.png	4	Talon Scratcher
078	13.am352.png	5	13.bp69q.png	5	Talon Slasher
079	14.grd4.png	0	14.6jumc.png	0	Garrett Talon
080	14.grd4.png	1	14.6jumc.png	1	Garrett the Claw
081	14.grd4.png	2	14.6jumc.png	2	Devout Mage
082	14.grd4.png	3	14.6jumc.png	3	Devout Warlock
083	14.grd4.png	4	14.6jumc.png	4	Minerva the Brave
084	14.grd4.png	5	14.6jumc.png	5	Minerva the Lionheart
085	15.ddlo6.png	0	15.5n0uk.png	0	Conductor Kerryson
086	15.ddlo6.png	1	15.5n0uk.png	1	Kerryson the Stoic
087	15.ddlo6.png	2	15.5n0uk.png	2	Royal Yeoman
088	15.ddlo6.png	3	15.5n0uk.png	3	Royal Beefeater
089	15.ddlo6.png	4	15.5n0uk.png	4	Prison Warden
090	15.ddlo6.png	5	15.5n0uk.png	5	Prison Guv'nor
091	16.a2g2e.png	0	16.6qflk.png	0	Pirate Gunslinger
092	16.a2g2e.png	1	16.6qflk.png	1	Pirate Sharpshooter
093	16.a2g2e.png	2	16.6qflk.png	2	Macabre Embalmer
094	16.a2g2e.png	3	16.6qflk.png	3	Macabre Undertaker
095	16.a2g2e.png	4	16.6qflk.png	4	Rescue Corps
096	16.a2g2e.png	5	16.6qflk.png	5	Rescue Paramedic
097	17.886jg.png	0	17.2p1ha.png	0	Joe Wonder
098	17.886jg.png	1	17.2p1ha.png	1	Pompous Joe Wonder
099	17.886jg.png	2	17.2p1ha.png	2	Cap'n Johan
100	17.886jg.png	3	17.2p1ha.png	3	Johan the Romantic
101	17.886jg.png	4	17.2p1ha.png	4	Greyson the Shifty
102	17.886jg.png	5	17.2p1ha.png	5	Greyson the Shrewd
103	18.53l25.png	0	18.3kkot.png	0	Precision Shooter
104	18.53l25.png	1	18.3kkot.png	1	Precision Sniper
105	18.53l25.png	2	18.3kkot.png	2	Raging Dragon
106	18.53l25.png	3	18.3kkot.png	3	Blazing Dragon
107	18.53l25.png	4	18.3kkot.png	4	Flame Warden
108	18.53l25.png	5	18.3kkot.png	5	Flame Dissident
109	19.5faei.png	0	19.9mahp.png	0	Excavator Decker
110	19.5faei.png	1	19.9mahp.png	1	Underminer Decker
111	19.5faei.png	2	19.9mahp.png	2	Magnus Stonepress
112	19.5faei.png	3	19.9mahp.png	3	The Great Corinthian
113	19.5faei.png	4	19.9mahp.png	4	Bunny Boiler
114	19.5faei.png	5	19.9mahp.png	5	Fatal Attractor
115	20.e9dg8.png	0	20.d4dg9.png	0	Ranger Whitworth
116	20.e9dg8.png	1	20.d4dg9.png	1	Falcon's Eye Whitworth
117	20.e9dg8.png	2	20.d4dg9.png	2	Mika Cairngorm
118	20.e9dg8.png	3	20.d4dg9.png	3	Geomancer Mika
119	20.e9dg8.png	4	20.d4dg9.png	4	Rupiki the Medium
120	20.e9dg8.png	5	20.d4dg9.png	5	Rupiki the Spiritualist
121	21.abdqa.png	0	21.271ua.png	0	The Night Lookout
122	21.abdqa.png	1	21.271ua.png	1	The Night Watchman
123	21.abdqa.png	2	21.271ua.png	2	Jet Skyblade
124	21.abdqa.png	3	21.271ua.png	3	Skyblade Aeronaught
125	21.abdqa.png	4	21.271ua.png	4	Moulin Allure
126	21.abdqa.png	5	21.271ua.png	5	Moulin Fatale
127	22.a5orr.png	0	22.bdv8g.png	0	The Aquanaut
128	22.a5orr.png	1	22.bdv8g.png	1	The Hydronaut
129	22.a5orr.png	2	22.bdv8g.png	2	Horace the Collector
130	22.a5orr.png	3	22.bdv8g.png	3	Horace the Accumulator
132	22.a5orr.png	5	22.bdv8g.png	5	Harmonious Priestess
133	23.9qig.png	0	23.6kp15.png	0	Mason the Butler
134	23.9qig.png	1	23.6kp15.png	1	Mason the Valet
135	23.9qig.png	2	23.6kp15.png	2	Hatchet the Woodsman
136	23.9qig.png	3	23.6kp15.png	3	Wildman Hatchet
137	23.9qig.png	4	23.6kp15.png	4	Selina the Stylist
138	23.9qig.png	5	23.6kp15.png	5	Selina Twinblade
139	24.7gqnk.png	0	24.f7b17.png	0	Colonel Howitzer
140	24.7gqnk.png	1	24.f7b17.png	1	Brigadier Howitzer
141	24.7gqnk.png	2	24.f7b17.png	2	Frost-Kid Kokori
142	24.7gqnk.png	3	24.f7b17.png	3	Ice-Prince Kokori
143	24.7gqnk.png	4	24.f7b17.png	4	Rallying Pippa
144	24.7gqnk.png	5	24.f7b17.png	5	Rousing Pippa
145	25.39gj.png	0	25.c7pko.png	0	Merrick the Silent
146	25.39gj.png	1	25.c7pko.png	1	Merrick the Brute
147	25.39gj.png	2	25.c7pko.png	2	Unstoppable Soldier
148	25.39gj.png	3	25.c7pko.png	3	Unrelenting Warrior
149	25.39gj.png	4	25.c7pko.png	4	Mata Swiftblade
150	25.39gj.png	5	25.c7pko.png	5	Swiftblade Heroine
151	26.cl1n2.png	0	26.7up18.png	0	Aviator Spiffyson
152	26.cl1n2.png	1	26.7up18.png	1	Hotshot Spiffyson
153	26.cl1n2.png	2	26.7up18.png	2	Lenora the Crimson
154	26.cl1n2.png	3	26.7up18.png	3	Bloodmage Lenora
155	26.cl1n2.png	4	26.7up18.png	4	Crystal the Healer
156	26.cl1n2.png	5	26.7up18.png	5	Arch-Priestess Crystal
157	27.a7rmr.png	0	27.ad8fv.png	0	Lawrence the Arbiter
158	27.a7rmr.png	1	27.ad8fv.png	1	Chief Justice Lawrence
159	27.a7rmr.png	2	27.ad8fv.png	2	Jack Colson
160	27.a7rmr.png	3	27.ad8fv.png	3	Jack The Casanova
161	27.a7rmr.png	4	27.ad8fv.png	4	Ulysses McManus
162	27.a7rmr.png	5	27.ad8fv.png	5	Ulysses Blaze McManus
163	28.d15ko.png	0	28.ecjug.png	0	The Explorer
164	28.d15ko.png	1	28.ecjug.png	1	The Relic Hunter
165	28.d15ko.png	2	28.ecjug.png	2	Frog-Hopper Keru
166	28.d15ko.png	3	28.ecjug.png	3	Lizard-Licker Keru
167	28.d15ko.png	4	28.ecjug.png	4	Communicator Ripley
168	28.d15ko.png	5	28.ecjug.png	5	The Telecommunicator
170	29.ckffk.png	1	29.f9u4i.png	1	The Industrial Revolution
171	29.ckffk.png	2	29.f9u4i.png	2	Jorgen Brightstaff
172	29.ckffk.png	3	29.f9u4i.png	3	Jorgen Lampcrusher
173	29.ckffk.png	4	29.f9u4i.png	4	Titan The Mechanic
174	29.ckffk.png	5	29.f9u4i.png	5	Titan The Engineer
175	30.1j7gh.png	0	30.4d6ad.png	0	Mary Strictshot
176	30.1j7gh.png	1	30.4d6ad.png	1	The Petticoat Assassin
177	30.1j7gh.png	2	30.4d6ad.png	2	Naruku the Lookout
178	30.1j7gh.png	3	30.4d6ad.png	3	Farsight Naruku
179	30.1j7gh.png	4	30.4d6ad.png	4	The Kennwich Apothecary
180	30.1j7gh.png	5	30.4d6ad.png	5	The Kennwich Alchemist
181	31.6920b.png	0	31.bek20.png	0	Tankmaster Herc
182	31.6920b.png	1	31.bek20.png	1	Hercule Marauder
183	31.6920b.png	2	31.bek20.png	2	Vicious Pierrot
184	31.6920b.png	3	31.bek20.png	3	Pierrot the Deciever
185	31.6920b.png	4	31.bek20.png	4	Elise the Secretive
186	31.6920b.png	5	31.bek20.png	5	Elise the Seductive
187	32.a20br.png	0	32.bb6s1.png	0	Blightshot
188	32.a20br.png	1	32.bb6s1.png	1	Toxic Shot
189	32.a20br.png	2	32.bb6s1.png	2	Marcia Plume
190	32.a20br.png	3	32.bb6s1.png	3	Marcia the Exhibitionist
191	32.a20br.png	4	32.bb6s1.png	4	The Wandering Sanctum
192	32.a20br.png	5	32.bb6s1.png	5	The Wandering Basillica
193	33.68f69.png	0	33.fcl63.png	0	Vlad the Automator
194	33.68f69.png	1	33.fcl63.png	1	Vlad the Automaton
195	33.68f69.png	2	33.fcl63.png	2	Bartok Loco
196	33.68f69.png	3	33.fcl63.png	3	Derailed Bartok
197	33.68f69.png	4	33.fcl63.png	4	The Cohenham Slasher
198	33.68f69.png	5	33.fcl63.png	5	The Cohenham Ripper
199	34.463em.png	0	34.3pt5f.png	0	The Widow Maker
200	34.463em.png	1	34.3pt5f.png	1	Vengeful Widow
201	34.463em.png	2	34.3pt5f.png	2	Skybound Mystic
202	34.463em.png	3	34.3pt5f.png	3	Mystic of Ascension
203	34.463em.png	4	34.3pt5f.png	4	The Witch Doctor
204	34.463em.png	5	34.3pt5f.png	5	The Earth Whisperer
205	35.51pc7.png	0	35.51cf1.png	0	The Fallen Slayer
206	35.51pc7.png	1	35.51cf1.png	1	The Trophy Hunter
207	35.51pc7.png	2	35.51cf1.png	2	Mistress Blade
208	35.51pc7.png	3	35.51cf1.png	3	Blade Maiden
209	35.51pc7.png	4	35.51cf1.png	4	Horatio Anchorage
210	35.51pc7.png	5	35.51cf1.png	5	Harbourmaster Anchorage
211	36.e101d.png	0	36.c208.png	0	Gatling Merc
212	36.e101d.png	1	36.c208.png	1	Gatling Commando
213	36.e101d.png	2	36.c208.png	2	Stephenson The Inventor
214	36.e101d.png	3	36.c208.png	3	The Ingenious Inventor
215	36.e101d.png	4	36.c208.png	4	Lunnain Oracle
216	36.e101d.png	5	36.c208.png	5	Lunnain Divine
217	37.11hta.png	0	37.1tk1n.png	0	Duke Paresmore III
218	37.11hta.png	1	37.1tk1n.png	1	Archduke Paresmore III
219	37.11hta.png	2	37.1tk1n.png	2	The Seeker
220	37.11hta.png	3	37.1tk1n.png	3	The Enlightened Seeker
221	37.11hta.png	4	37.1tk1n.png	4	Sword Juggler
222	37.11hta.png	5	37.1tk1n.png	5	Sword Swallower
223	38.978so.png	0	38.ci5ne.png	0	Target
224	38.978so.png	1	38.ci5ne.png	1	Target Devastator
225	38.978so.png	2	38.ci5ne.png	2	Chance Quickshuffle
226	38.978so.png	3	38.ci5ne.png	3	Ace Quickshuffle
227	38.978so.png	4	38.ci5ne.png	4	Gaia Priest
228	38.978so.png	5	38.ci5ne.png	5	Gaia Whisperer
229	39.40fqn.png	0	39.chgud.png	0	Barbed Slayer
230	39.40fqn.png	1	39.chgud.png	1	Barbed Destroyer
231	39.40fqn.png	2	39.chgud.png	2	Hamish Highlander
232	39.40fqn.png	3	39.chgud.png	3	Hamish Lochmaster
233	39.40fqn.png	4	39.chgud.png	4	Pearly King
234	39.40fqn.png	5	39.chgud.png	5	Pearly Geezer
235	40.earvq.png	0	40.f05dr.png	0	Farmer Giles
236	40.earvq.png	1	40.f05dr.png	1	Harvester Giles
237	40.earvq.png	2	40.f05dr.png	2	Aldous Greybeard
238	40.earvq.png	3	40.f05dr.png	3	Aldous the Wise
239	40.earvq.png	4	40.f05dr.png	4	Habeba the Weaver
240	40.earvq.png	5	40.f05dr.png	5	Seamstress Habeba
241	41.dj7hc.png	0	41.c0q4.png	0	The Rook
242	41.dj7hc.png	1	41.c0q4.png	1	Sterling Knight
243	41.dj7hc.png	2	41.c0q4.png	2	The Reaper
244	41.dj7hc.png	3	41.c0q4.png	3	King of Reapers
245	41.dj7hc.png	4	41.c0q4.png	4	Cleo Panther
246	41.dj7hc.png	5	41.c0q4.png	5	Cleo the Great Beauty
247	42.4fvrm.png	0	42.elfde.png	0	Private Esmay
248	42.4fvrm.png	1	42.elfde.png	1	Corporal Esmay
249	42.4fvrm.png	2	42.elfde.png	2	Masqued Shade
250	42.4fvrm.png	3	42.elfde.png	3	Masqueraider
251	42.4fvrm.png	4	42.elfde.png	4	Chain Bishop
252	42.4fvrm.png	5	42.elfde.png	5	Chain Cardinal
253	43.12g34.png	0	43.ikle.png	0	Deep Sea Barney
254	43.12g34.png	1	43.ikle.png	1	Bulkhead Barney
255	43.12g34.png	2	43.ikle.png	2	Perfect Rodas
256	43.12g34.png	3	43.ikle.png	3	Golden Body Rodas
257	43.12g34.png	4	43.ikle.png	4	Alice and Cheshire
258	43.12g34.png	5	43.ikle.png	5	Curious Alice
259	44.8v4mk.png	0	44.ak5rp.png	0	Crewman Basilic
260	44.8v4mk.png	1	44.ak5rp.png	1	Conductor Basilic
261	44.8v4mk.png	2	44.ak5rp.png	2	Reporter Mikeko
262	44.8v4mk.png	3	44.ak5rp.png	3	Director Mikeko
263	44.8v4mk.png	4	44.ak5rp.png	4	Jimimi the Shepherd
264	44.8v4mk.png	5	44.ak5rp.png	5	Jimimi the Herder
265	45.3cnjd.png	0	45.cuv7s.png	0	Oakai Lera
266	45.3cnjd.png	1	45.cuv7s.png	1	Kai The Omniscient
267	45.3cnjd.png	2	45.cuv7s.png	2	The Doctor
268	45.3cnjd.png	3	45.cuv7s.png	3	The Subject
269	45.3cnjd.png	4	45.cuv7s.png	4	Jetpack Jonny
270	45.3cnjd.png	5	45.cuv7s.png	5	Sonic Boomer
271	46.4us3j.png	0	46.8trdi.png	0	The Shotgun Bride
272	46.4us3j.png	1	46.8trdi.png	1	Buckshot Avenger
273	46.4us3j.png	2	46.8trdi.png	2	Sleepy Nemo
274	46.4us3j.png	3	46.8trdi.png	3	Dreamtrain Nemo
275	46.4us3j.png	4	46.8trdi.png	4	Oro the Pilgrim
276	46.4us3j.png	5	46.8trdi.png	5	Oro the Enlightened
277	47.a99sg.png	0	47.739f4.png	0	Cora Weldsmith
278	47.a99sg.png	1	47.739f4.png	1	Cora Mistress of Anvils
279	47.a99sg.png	2	47.739f4.png	2	Chained Fugitive
280	47.a99sg.png	3	47.739f4.png	3	Escape Artist
281	47.a99sg.png	4	47.739f4.png	4	Elementary Detective
282	47.a99sg.png	5	47.739f4.png	5	Inspector Extraordinaire
283	48.1pl0u.png	0	48.6l69f.png	0	Jade Dragon
284	48.1pl0u.png	1	48.6l69f.png	1	Imperial Dragon
285	48.1pl0u.png	2	48.6l69f.png	2	Kabuki
286	48.1pl0u.png	3	48.6l69f.png	3	Shiro Shishi
287	48.1pl0u.png	4	48.6l69f.png	4	Moroki the Witch
288	48.1pl0u.png	5	48.6l69f.png	5	Magical Moroki
289	49.qssq.png	0	49.132ar.png	0	Geartron Prototype
290	49.qssq.png	1	49.132ar.png	1	Geartron-5000
291	49.qssq.png	2	49.132ar.png	2	Spike Wheeler
292	49.qssq.png	3	49.132ar.png	3	Punk Wheeler
293	49.qssq.png	4	49.132ar.png	4	Talia Zenko
294	49.qssq.png	5	49.132ar.png	5	Talia Yakko
295	50.7llpg.png	0	50.7vd6f.png	0	Frontier Rider
296	50.7llpg.png	1	50.7vd6f.png	1	Frontier Protector
297	50.7llpg.png	2	50.7vd6f.png	2	Dark Raven
298	50.7llpg.png	3	50.7vd6f.png	3	Preying Raven
299	50.7llpg.png	4	50.7vd6f.png	4	Cosmos
300	50.7llpg.png	5	50.7vd6f.png	5	Alpha and Omega
301	51.2ecgm.png	0	51.7j5ft.png	0	Baldur Northwind
302	51.2ecgm.png	1	51.7j5ft.png	1	Baldur Frostbeard
303	51.2ecgm.png	2	51.7j5ft.png	2	Philippe Exquisite
304	51.2ecgm.png	3	51.7j5ft.png	3	Philippe-san
305	51.2ecgm.png	4	51.7j5ft.png	4	Chakram Dancer
306	51.2ecgm.png	5	51.7j5ft.png	5	Dancer of Death
307	52.ntbv.png	0	52.blusj.png	0	Falcon Bowman
308	52.ntbv.png	1	52.blusj.png	1	Eagle Eye
309	52.ntbv.png	2	52.blusj.png	2	Musical Meriku
310	52.ntbv.png	3	52.blusj.png	3	Meriku the Maestro
311	52.ntbv.png	4	52.blusj.png	4	Sweet Shelly
312	52.ntbv.png	5	52.blusj.png	5	Sugarbomb Shelly
313	53.parg.png	0	53.4r2un.png	0	Scales of Truth
314	53.parg.png	1	53.4r2un.png	1	Scales of Justice
315	53.parg.png	2	53.4r2un.png	2	Princess of Hearts
316	53.parg.png	3	53.4r2un.png	3	Queen of Hearts
317	53.parg.png	4	53.4r2un.png	4	Penny Pincher
318	53.parg.png	5	53.4r2un.png	5	Kleptomaniac
319	54.8lnfs.png	0	54.df7ah.png	0	Mercury Milliner
320	54.8lnfs.png	1	54.df7ah.png	1	Mad Hatter
321	54.8lnfs.png	2	54.df7ah.png	2	Hookie
322	54.8lnfs.png	3	54.df7ah.png	3	Beautifly Hookie
323	54.8lnfs.png	4	54.df7ah.png	4	Carroll Quickstep
324	54.8lnfs.png	5	54.df7ah.png	5	Carroll Hearts' Herald
325	55.4a8jf.png	0	55.7mvev.png	0	Three of Hearts
326	55.4a8jf.png	1	55.7mvev.png	1	Ace of Hearts
327	55.4a8jf.png	2	55.7mvev.png	2	Councillor Dunham
328	55.4a8jf.png	3	55.7mvev.png	3	Mayor Dunham
329	55.4a8jf.png	4	55.7mvev.png	4	Heidi the Milkmaid
330	55.4a8jf.png	5	55.7mvev.png	5	Alpine Heidi
331	56.4iaa7.png	0	56.bbtmh.png	0	Harry Flintlock
332	56.4iaa7.png	1	56.bbtmh.png	1	Hair-Trigger Harry
333	56.4iaa7.png	2	56.bbtmh.png	2	Omari the Merchant
334	56.4iaa7.png	3	56.bbtmh.png	3	Flying Omari
335	56.4iaa7.png	4	56.bbtmh.png	4	Pungi the Enchanter
336	56.4iaa7.png	5	56.bbtmh.png	5	Pungi Diamondback
337	57.jjsu.png	0	57.fqq3m.png	0	Black Mage
338	57.jjsu.png	1	57.fqq3m.png	1	Black Wizard
341	57.jjsu.png	2	57.fqq3m.png	2	Monty Roughman
342	57.jjsu.png	3	57.fqq3m.png	3	Fairway Monty
343	57.jjsu.png	4	57.fqq3m.png	4	Bobby the Busker
344	57.jjsu.png	5	57.fqq3m.png	5	Symphonic Bobby
345	58.8r97p.png	0	58.29ull.png	0	Robin of Loxley
346	58.8r97p.png	1	58.29ull.png	1	The Future Fletcher
347	58.8r97p.png	2	58.29ull.png	2	Little John
348	58.8r97p.png	3	58.29ull.png	3	The Lofty Lancer
349	58.8r97p.png	4	58.29ull.png	4	Maid Marian
350	58.8r97p.png	5	58.29ull.png	5	The Marauding Maid
351	59.5hu4f.png	0	59.9859l.png	0	The Sheriff
352	59.5hu4f.png	1	59.9859l.png	1	The Loathsome Lawman
353	59.5hu4f.png	2	59.9859l.png	2	Will Scarlet
354	59.5hu4f.png	3	59.9859l.png	3	The Fetching Fencer
355	59.5hu4f.png	4	59.9859l.png	4	Friar Tuck
356	59.5hu4f.png	5	59.9859l.png	5	The Faithful Friar
357	60.f5rgh.png	0	60.3s0pt.png	0	Ari Ramm
358	60.f5rgh.png	1	60.3s0pt.png	1	Gold Fleece Ari
359	60.f5rgh.png	2	60.3s0pt.png	2	Toro The Brave
360	60.f5rgh.png	3	60.3s0pt.png	3	Matador Toro
361	60.f5rgh.png	4	60.3s0pt.png	4	Gemi And Mini
362	60.f5rgh.png	5	60.3s0pt.png	5	Mischief Twins
363	61.fhlta.png	0	61.bnfoo.png	0	Cara Pace
364	61.fhlta.png	1	61.bnfoo.png	1	Clawing Cara
365	61.fhlta.png	2	61.bnfoo.png	2	Leopold Pride
366	61.fhlta.png	3	61.bnfoo.png	3	Leopold Roar
367	61.fhlta.png	4	61.bnfoo.png	4	Virginia the Maiden
368	61.fhlta.png	5	61.bnfoo.png	5	Immortal Virginia
369	62.88vfd.png	0	62.e3rcq.png	0	Mediator Libby
370	62.88vfd.png	1	62.e3rcq.png	1	Libby The Just
371	62.88vfd.png	2	62.e3rcq.png	2	Barba Hookshot
372	62.88vfd.png	3	62.e3rcq.png	3	Stinging Barba
373	62.88vfd.png	4	62.e3rcq.png	4	Archer Nomad
374	62.88vfd.png	5	62.e3rcq.png	5	Wild Archer
375	63.cm3iv.png	0	63.8ija1.png	0	Stubborn Capri
376	63.cm3iv.png	1	63.8ija1.png	1	Unstoppable Capri
377	63.cm3iv.png	2	63.8ija1.png	2	Carrie the Bearer
378	63.cm3iv.png	3	63.8ija1.png	3	Raincaller Carrie
379	63.cm3iv.png	4	63.8ija1.png	4	Gil Scaleskin
380	63.cm3iv.png	5	63.8ija1.png	5	Exoskeletal Gil
381	64.bo44a.png	0	64.a4m18.png	0	Trinity Olivia
382	64.bo44a.png	1	64.a4m18.png	1	Lady Olivia
383	64.bo44a.png	2	64.a4m18.png	2	Beekeeper Apipi
384	64.bo44a.png	3	64.a4m18.png	3	Bee-Crazy Apipi
385	64.bo44a.png	4	64.a4m18.png	4	Hjalmar Stormborn
386	64.bo44a.png	5	64.a4m18.png	5	Stormking Hjalmar
387	65.9r46v.png	0	65.eld2t.png	0	Alexandria Rapier
388	65.9r46v.png	1	65.eld2t.png	1	Swordswoman Dumas
389	65.9r46v.png	2	65.eld2t.png	2	Adele
390	65.9r46v.png	3	65.eld2t.png	3	Sister Adele
391	65.9r46v.png	4	65.eld2t.png	4	Cathe
392	65.9r46v.png	5	65.eld2t.png	5	Sister Cathe
393	66.7csen.png	0	66.9ulmm.png	0	Myra
394	66.7csen.png	1	66.9ulmm.png	1	Sister Myra
395	66.7csen.png	2	66.9ulmm.png	2	Evelyn
396	66.7csen.png	3	66.9ulmm.png	3	Sister Evelyn
397	66.7csen.png	4	66.9ulmm.png	4	LDF Commander
398	66.7csen.png	5	66.9ulmm.png	5	Mess Commander
399	67.97cr8.png	0	67.69lb6.png	0	Trinity Lions Commander
400	67.97cr8.png	1	67.69lb6.png	1	Young Commander
401	67.97cr8.png	2	67.69lb6.png	2	Khale
402	67.97cr8.png	3	67.69lb6.png	3	Titanforged Khale
403	67.97cr8.png	4	67.69lb6.png	4	Lynne
404	67.97cr8.png	5	67.69lb6.png	5	Cheer-Team Lynne
405	68.7mft8.png	0	68.ak7ml.png	0	Lapom Lapom
406	68.7mft8.png	1	68.ak7ml.png	1	Pious Lapom
407	68.7mft8.png	2	68.ak7ml.png	2	Royal Guard
408	68.7mft8.png	3	68.ak7ml.png	3	Chief Royal Guard
409	68.7mft8.png	4	68.ak7ml.png	4	Keycutter Luke
410	68.7mft8.png	5	68.ak7ml.png	5	Locksmith Luke
411	69.51p8l.png	0	69.d9nh2.png	0	Toymaker Tina
412	69.51p8l.png	1	69.d9nh2.png	1	Toy Queen Tina
413	187.a1iu3.png	5	187.96hnj.png	5	Theresa
414	188.5ici0.png	0	188.f5r2b.png	0	Sister Theresa
415	175.d5d5j.png	2	175.2rnhh.png	2	Meredith
416	175.d5d5j.png	3	175.2rnhh.png	3	Sister Meredith
417	69.51p8l.png	2	69.d9nh2.png	2	Sybil
418	69.51p8l.png	3	69.d9nh2.png	3	Sister Sybil
419	69.51p8l.png	4	69.d9nh2.png	4	Yin
420	69.51p8l.png	5	69.d9nh2.png	5	The Shadow
421	70.7jpen.png	0	70.f15m5.png	0	Yan
422	70.7jpen.png	1	70.f15m5.png	1	The Light
423	70.7jpen.png	2	70.f15m5.png	2	Whirling Ragnr
424	70.7jpen.png	3	70.f15m5.png	3	Macewielder Ragnr
425	70.7jpen.png	4	70.f15m5.png	4	The Contender
426	70.7jpen.png	5	70.f15m5.png	5	The Pugilist
427	71.e7cfn.png	0	71.a8kmb.png	0	Jangling Kojne
428	71.e7cfn.png	1	71.a8kmb.png	1	Konje the Numismatist
429	71.e7cfn.png	2	71.a8kmb.png	2	Clair
430	71.e7cfn.png	3	71.a8kmb.png	3	Awoken Clair
431	71.e7cfn.png	4	71.a8kmb.png	4	Lenni
432	71.e7cfn.png	5	71.a8kmb.png	5	Awoken Lenni
433	72.orbr.png	0	72.eqdol.png	0	Phillye
434	72.orbr.png	1	72.eqdol.png	1	Awoken Phillye
435	72.orbr.png	2	72.eqdol.png	2	White Mage
436	72.orbr.png	3	72.eqdol.png	3	White Wizard
437	72.orbr.png	4	72.eqdol.png	4	Mapmaker Cartia
438	72.orbr.png	5	72.eqdol.png	5	Map-Mad Cartia
439	73.fm7kn.png	0	73.8mjov.png	0	Sparky
440	73.fm7kn.png	1	73.8mjov.png	1	Charged Sparky
441	73.fm7kn.png	2	73.8mjov.png	2	Anti-Air Rambi
442	73.fm7kn.png	3	73.8mjov.png	3	Full Metal Rambi
443	73.fm7kn.png	4	73.8mjov.png	4	Prey Shaman
444	73.fm7kn.png	5	73.8mjov.png	5	Hooting Shaman
445	74.72vdg.png	0	74.emntk.png	0	Tataki the Ronin
446	74.72vdg.png	1	74.emntk.png	1	Shogun Tataki
447	74.72vdg.png	2	74.emntk.png	2	Kengo
448	74.72vdg.png	3	74.emntk.png	3	Black Kengo
449	74.72vdg.png	4	74.emntk.png	4	Hanzo Jonin
450	74.72vdg.png	5	74.emntk.png	5	Kuro Jonin
453	75.fcdbp.png	0	75.eljoc.png	0	Dark Swordsman
454	75.fcdbp.png	1	75.eljoc.png	1	Dark Knight
456	75.fcdbp.png	2	75.eljoc.png	2	Monk
457	75.fcdbp.png	3	75.eljoc.png	3	Master Monk
458	75.fcdbp.png	4	75.eljoc.png	4	Ama the Fisher
459	75.fcdbp.png	5	75.eljoc.png	5	Mermaid Ama
460	76.735nm.png	0	76.dl559.png	0	Beach-Bum Neptunia
461	76.735nm.png	1	76.dl559.png	1	Neptunia of the Sea
462	76.735nm.png	2	76.dl559.png	2	Steph Lopod
463	76.735nm.png	3	76.dl559.png	3	Steph the Tentacled
464	76.735nm.png	4	76.dl559.png	4	Melambkin Shuika
465	76.735nm.png	5	76.dl559.png	5	Juicy Shuika
467	77.adkdb.png	0	77.8cigr.png	0	Randi
468	77.adkdb.png	1	77.8cigr.png	1	Awoken Randi
469	77.adkdb.png	2	77.8cigr.png	2	Primm
470	77.adkdb.png	3	77.8cigr.png	3	Awoken Primm
471	77.adkdb.png	4	77.8cigr.png	4	Popoi
472	77.adkdb.png	5	77.8cigr.png	5	Awoken Popoi
473	78.19l2b.png	0	78.7tbbv.png	0	Darting Shadow
474	78.19l2b.png	1	78.7tbbv.png	1	Steel-Edge Shadow
475	78.19l2b.png	2	78.7tbbv.png	2	Carnival Juggler
476	78.19l2b.png	3	78.7tbbv.png	3	Carnival Cutthroat
477	78.19l2b.png	4	78.7tbbv.png	4	Yukata Yuki
478	78.19l2b.png	5	78.7tbbv.png	5	Moongazer Yuki
479	79.6jeps.png	0	79.3agqv.png	0	Water-Wary Edidi
480	79.6jeps.png	1	79.3agqv.png	1	Streamline Edidi
481	79.6jeps.png	2	79.3agqv.png	2	Romeo
482	79.6jeps.png	3	79.3agqv.png	3	Star-Crossed Romeo
483	79.6jeps.png	4	79.3agqv.png	4	Juliet
484	79.6jeps.png	5	79.3agqv.png	5	Star-Crossed Juliet
485	80.7gb1j.png	0	80.72tn7.png	0	Hamlet
486	80.7gb1j.png	1	80.72tn7.png	1	Vengeful Hamlet
487	80.7gb1j.png	2	80.72tn7.png	2	Shakespeare
488	80.7gb1j.png	3	80.72tn7.png	3	The Bard
489	80.7gb1j.png	4	80.72tn7.png	4	Oberon
490	80.7gb1j.png	5	80.72tn7.png	5	King Oberon
491	81.dk4ur.png	0	81.40ne6.png	0	Titania
492	81.dk4ur.png	1	81.40ne6.png	1	Queen Titania
493	81.dk4ur.png	2	81.40ne6.png	2	Bottom
494	81.dk4ur.png	3	81.40ne6.png	3	Behexed Bottom
495	81.dk4ur.png	4	81.40ne6.png	4	Caliban
496	81.dk4ur.png	5	81.40ne6.png	5	Subhuman Caliban
497	82.aj13k.png	0	82.655a5.png	0	Prospero
498	82.aj13k.png	1	82.655a5.png	1	Sorcerer Prospero
499	82.aj13k.png	2	82.655a5.png	2	Lilith
500	82.aj13k.png	3	82.655a5.png	3	True Form Lilith
501	82.aj13k.png	4	82.655a5.png	4	Willow the Wisp
502	82.aj13k.png	5	82.655a5.png	5	Wailing Willow
503	83.8n8ik.png	0	83.552ca.png	0	Bolt-Head Bill
504	83.8n8ik.png	1	83.552ca.png	1	The Creation
505	83.8n8ik.png	2	83.552ca.png	2	Caged Karoki
506	83.8n8ik.png	3	83.552ca.png	3	Karoki Unbound
507	83.8n8ik.png	4	83.552ca.png	4	Jack O'Treats
508	83.8n8ik.png	5	83.552ca.png	5	Jack O'Tricks
509	84.38r7h.png	0	84.3ha7t.png	0	Wildsman Lyca
510	84.38r7h.png	1	84.3ha7t.png	1	Full Moon Lyca
511	84.38r7h.png	2	84.3ha7t.png	2	Ramza
512	84.38r7h.png	3	84.3ha7t.png	3	Virtuous Ramza
513	84.38r7h.png	4	84.3ha7t.png	4	Mustadio
514	84.38r7h.png	5	84.3ha7t.png	5	Virtuous Mustadio
515	85.fegji.png	0	85.bu4h3.png	0	Agrias
516	85.fegji.png	1	85.bu4h3.png	1	Virtuous Agrias
517	85.fegji.png	2	85.bu4h3.png	2	Dracula
518	85.fegji.png	3	85.bu4h3.png	3	Dark Prince
519	85.fegji.png	4	85.bu4h3.png	4	Spinning Araki
520	85.fegji.png	5	85.bu4h3.png	5	Webcatcher Araki
521	86.86rjl.png	0	86.1dfir.png	0	The Archaeologist
522	86.86rjl.png	1	86.1dfir.png	1	The Castaway
523	86.86rjl.png	2	86.1dfir.png	2	Guy Fawkes
524	86.86rjl.png	3	86.1dfir.png	3	The Arsonist
525	86.86rjl.png	4	86.1dfir.png	4	Red Riding Hood
526	86.86rjl.png	5	86.1dfir.png	5	Big Bad Hunter
527	87.asepa.png	0	87.bcm3q.png	0	Attentive Mei
528	87.asepa.png	1	87.bcm3q.png	1	Gracious Maid Mei
529	87.asepa.png	2	87.bcm3q.png	2	Dark Maid
530	87.asepa.png	3	87.bcm3q.png	3	Dark Maiden
531	87.asepa.png	4	87.bcm3q.png	4	Robocchio
532	87.asepa.png	5	87.bcm3q.png	5	Puppet Master MkI
533	88.dn48n.png	0	88.4qkv1.png	0	Hansel The Lost
534	88.dn48n.png	1	88.4qkv1.png	1	Witchkiller Hansel
535	88.dn48n.png	2	88.4qkv1.png	2	Innocent Gretel
536	88.dn48n.png	3	88.4qkv1.png	3	Witchkiller Gretel
537	88.dn48n.png	4	88.4qkv1.png	4	Bonfire Sprite
538	88.dn48n.png	5	88.4qkv1.png	5	Inferno Sprite
539	89.cbuk6.png	0	89.an1bg.png	0	Little Sisika
540	89.cbuk6.png	1	89.an1bg.png	1	Soaring Sisika
541	89.cbuk6.png	2	89.an1bg.png	2	Fanciful Baron
542	89.cbuk6.png	3	89.an1bg.png	3	Bare-Faced Baron
543	89.cbuk6.png	4	89.an1bg.png	4	Firecracker Finn
544	89.cbuk6.png	5	89.an1bg.png	5	Mortar Master Finn
545	90.3op5l.png	0	90.biq5n.png	0	Student Lihua
546	90.3op5l.png	1	90.biq5n.png	1	Master Lihua
547	90.3op5l.png	2	90.biq5n.png	2	Xiao the Seeker
548	90.3op5l.png	3	90.biq5n.png	3	Xiao the Found
549	90.3op5l.png	4	90.biq5n.png	4	Archie
550	90.3op5l.png	5	90.biq5n.png	5	Thrashing Archie
551	91.ehmta.png	0	91.5palg.png	0	Red Mage
552	91.ehmta.png	1	91.5palg.png	1	Red Wizard
553	91.ehmta.png	2	91.5palg.png	2	Viking Warrior
554	91.ehmta.png	3	91.5palg.png	3	Pillager Viking
555	91.ehmta.png	4	91.5palg.png	4	Winter Khale
556	91.ehmta.png	5	91.5palg.png	5	Father Khalemas
557	92.96f40.png	0	92.42ecg.png	0	Winter Olivia
558	92.96f40.png	1	92.42ecg.png	1	Massringer Olivia
559	92.96f40.png	2	92.42ecg.png	2	Winter Lynne
560	92.96f40.png	3	92.42ecg.png	3	Red-Nosed Lynne
561	92.96f40.png	4	92.42ecg.png	4	Winter Lapom
562	92.96f40.png	5	92.42ecg.png	5	Frost Sprite Lapom
563	93.1sokv.png	0	93.dv01.png	0	Winter Jack
564	93.1sokv.png	1	93.dv01.png	1	Frostbringer Jack
565	93.1sokv.png	2	93.dv01.png	2	Toboggan Tibuki
566	93.1sokv.png	3	93.dv01.png	3	Skiing Snowlamb
567	93.1sokv.png	4	93.dv01.png	4	Winter Harding
568	93.1sokv.png	5	93.dv01.png	5	Happy Elf Harding
569	94.bdgtk.png	0	94.6p02q.png	0	Wintermass Grump
570	94.bdgtk.png	1	94.6p02q.png	1	Wintermass Miser
571	94.bdgtk.png	2	94.6p02q.png	2	The Clock Maker
572	94.bdgtk.png	3	94.6p02q.png	3	Old Father Time
573	94.bdgtk.png	4	94.6p02q.png	4	The Noise Maker
574	94.bdgtk.png	5	94.6p02q.png	5	Baby New Year
575	95.a0uo4.png	0	95.cr11c.png	0	Riso the Reveller
576	95.a0uo4.png	1	95.cr11c.png	1	Kimono Riso
577	95.a0uo4.png	2	95.cr11c.png	2	Maiden Miko
578	95.a0uo4.png	3	95.cr11c.png	3	Miko Kagura
579	95.a0uo4.png	4	95.cr11c.png	4	Sho the Scribe
580	95.a0uo4.png	5	95.cr11c.png	5	Calligraphy Master Sho
581	96.dco9q.png	0	96.46dp7.png	0	Coldlands Hunter
582	96.dco9q.png	1	96.46dp7.png	1	Mammoth Hunter
583	96.dco9q.png	2	96.46dp7.png	2	Explorer Adele
584	96.dco9q.png	3	96.46dp7.png	3	Raider Adele
585	96.dco9q.png	4	96.46dp7.png	4	Explorer Cathe
586	96.dco9q.png	5	96.46dp7.png	5	Raider Cathe
587	97.1h2r1.png	0	97.5anh5.png	0	Explorer Lynne
588	97.1h2r1.png	1	97.5anh5.png	1	Raider Lynne
589	97.1h2r1.png	2	97.5anh5.png	2	Ryouta (Rock Dove)
590	97.1h2r1.png	3	97.5anh5.png	3	Ryouta Kawara
591	97.1h2r1.png	4	97.5anh5.png	4	Shuu (Partridge)
592	97.1h2r1.png	5	97.5anh5.png	5	Shuu Iwamine
593	98.bkle1.png	0	98.8aqg4.png	0	Oko-san
594	98.bkle1.png	1	98.8aqg4.png	1	Lord Pudi
595	98.bkle1.png	2	98.8aqg4.png	2	Ruby Dragoon
596	98.bkle1.png	3	98.8aqg4.png	3	Vermilion Dragoon
597	98.bkle1.png	4	98.8aqg4.png	4	Thief
598	98.bkle1.png	5	98.8aqg4.png	5	Cutpurse
599	99.1o6nl.png	0	99.e9pt6.png	0	Faceless Adversary
601	99.1o6nl.png	1	99.e9pt6.png	1	Blight Surgeon
603	99.1o6nl.png	2	99.e9pt6.png	2	Conjuring Jester
605	99.1o6nl.png	3	99.e9pt6.png	3	The Biologist
607	99.1o6nl.png	4	99.e9pt6.png	4	Commune Commander
609	99.1o6nl.png	5	99.e9pt6.png	5	LDF Mastersword
611	100.c5a3n.png	0	100.bmpg1.png	0	Talon Slicer
613	172.ac3o1.png	1	172.83laj.png	1	Garrett the Raider
615	100.c5a3n.png	1	100.bmpg1.png	1	Devout Sorcerer
617	172.ac3o1.png	2	172.83laj.png	2	Minerva the Valiant
629	100.c5a3n.png	2	100.bmpg1.png	2	Precision Trigger
633	100.c5a3n.png	3	100.bmpg1.png	3	Flame Schematic
635	100.c5a3n.png	4	100.bmpg1.png	4	Necromancer
636	100.c5a3n.png	5	100.bmpg1.png	5	Angel of Death
637	101.c9cvi.png	0	101.9529k.png	0	Flash
638	101.c9cvi.png	1	101.9529k.png	1	Crashing Flash
639	101.c9cvi.png	2	101.9529k.png	2	Cynthia
640	101.c9cvi.png	3	101.9529k.png	3	Warbling Cynthia
641	101.c9cvi.png	4	101.9529k.png	4	Natalia
642	101.c9cvi.png	5	101.9529k.png	5	Strumming Natalia
643	102.57jnm.png	0	102.cbhg8.png	0	Ant Lantis
644	102.57jnm.png	1	102.cbhg8.png	1	Swelling Ant
645	102.57jnm.png	2	102.cbhg8.png	2	Germaine
646	102.57jnm.png	3	102.cbhg8.png	3	Percussive Germaine
647	102.57jnm.png	4	102.cbhg8.png	4	Harmony
648	102.57jnm.png	5	102.cbhg8.png	5	Perfect Harmony
649	103.1k3tj.png	0	103.1uoqi.png	0	Beat Nicki
650	103.1k3tj.png	1	103.1uoqi.png	1	Freespirit Nicki
651	103.1k3tj.png	2	103.1uoqi.png	2	Ki
652	103.1k3tj.png	3	103.1uoqi.png	3	Hammering Ki
653	103.1k3tj.png	4	103.1uoqi.png	4	Hephner
654	103.1k3tj.png	5	103.1uoqi.png	5	Crooning Hephner
655	104.f48cd.png	0	104.fli5q.png	0	Emis
656	104.f48cd.png	1	104.fli5q.png	1	Trilling Emis
657	104.f48cd.png	2	104.fli5q.png	2	Homia
658	104.f48cd.png	3	104.fli5q.png	3	Sugarpop Homia
659	104.f48cd.png	4	104.fli5q.png	4	Marquess de Soleil
661	104.f48cd.png	5	104.fli5q.png	5	Drum Major Pippa
665	105.1745o.png	0	105.fg0ul.png	0	Blade Guardian
685	105.1745o.png	1	105.fg0ul.png	1	Golbez
686	105.1745o.png	2	105.fg0ul.png	2	Awoken Golbez
687	105.1745o.png	3	105.fg0ul.png	3	Dark Knight Cecil
688	105.1745o.png	4	105.fg0ul.png	4	Paladin Cecil
689	105.1745o.png	5	105.fg0ul.png	5	Cid
690	106.871jg.png	0	106.admph.png	0	Shipwright Cid
691	106.871jg.png	1	106.admph.png	1	Cain
692	106.871jg.png	2	106.admph.png	2	Dragoon Cain
693	106.871jg.png	3	106.admph.png	3	Edge
694	106.871jg.png	4	106.admph.png	4	Ninja Edge
695	106.871jg.png	5	106.admph.png	5	Yang Fang Leiden
696	107.64eq7.png	0	107.7gmis.png	0	Yang of Fabul
697	107.64eq7.png	1	107.7gmis.png	1	Rydia of Mist
698	107.64eq7.png	2	107.7gmis.png	2	Summoner Rydia
699	107.64eq7.png	3	107.7gmis.png	3	Rosa Farrell
700	107.64eq7.png	4	107.7gmis.png	4	Queen Rosa of Baron
701	107.64eq7.png	5	107.7gmis.png	5	Rubicante
702	108.cb5hl.png	0	108.3irtv.png	0	Hellfire Rubicante
703	108.cb5hl.png	1	108.3irtv.png	1	Arthur
704	108.cb5hl.png	2	108.3irtv.png	2	King Arthur
705	108.cb5hl.png	3	108.3irtv.png	3	Gareth Beaumains
706	108.cb5hl.png	4	108.3irtv.png	4	Sir Gareth
707	108.cb5hl.png	5	108.3irtv.png	5	Gawain the Just
708	109.3fqh6.png	0	109.a46qm.png	0	Sir Gawain
709	109.3fqh6.png	1	109.a46qm.png	1	Cool-Tongue Kay
710	109.3fqh6.png	2	109.a46qm.png	2	Sir Kay
711	109.3fqh6.png	3	109.a46qm.png	3	Lancelot du Lac
712	109.3fqh6.png	4	109.a46qm.png	4	Sir Lancelot
713	109.3fqh6.png	5	109.a46qm.png	5	Lovestruck Tristan
714	110.2k4b.png	0	110.a6abn.png	0	Lady Tristan
715	110.2k4b.png	1	110.a6abn.png	1	Fabulous Bors
716	110.2k4b.png	2	110.a6abn.png	2	Sir Bors
717	110.2k4b.png	3	110.a6abn.png	3	Gallant Galahad
718	110.2k4b.png	4	110.a6abn.png	4	Sir Galahad
719	110.2k4b.png	5	110.a6abn.png	5	Spirited Lamorak
720	111.eiqo3.png	0	111.990v7.png	0	Sir Lamorak
721	111.eiqo3.png	1	111.990v7.png	1	Merlin Ambrosius
722	111.eiqo3.png	2	111.990v7.png	2	Sage Merlin
723	111.eiqo3.png	3	111.990v7.png	3	Entrusted Mordred
724	111.eiqo3.png	4	111.990v7.png	4	Traitor Mordred
725	111.eiqo3.png	5	111.990v7.png	5	Pendragon
726	112.7t1pa.png	0	112.3k7p5.png	0	King Uther
727	112.7t1pa.png	1	112.3k7p5.png	1	Lowly Percival
728	112.7t1pa.png	2	112.3k7p5.png	2	Lady Percival
729	112.7t1pa.png	3	112.3k7p5.png	3	Loyal Bedivere
730	112.7t1pa.png	4	112.3k7p5.png	4	Lady Bedivere
731	112.7t1pa.png	5	112.3k7p5.png	5	Yelena Federova
732	113.du7rv.png	0	113.4bq3n.png	0	Vigilant Yelena
733	113.du7rv.png	1	113.4bq3n.png	1	Faridah Malik
734	113.du7rv.png	2	113.4bq3n.png	2	VTOL Pilot Malik
735	113.du7rv.png	3	113.4bq3n.png	3	Adam Jensen
736	113.du7rv.png	4	113.4bq3n.png	4	Augmented Jensen
737	113.du7rv.png	5	113.4bq3n.png	5	The Black Mage II
738	114.5qp2r.png	0	114.emlma.png	0	The Black Wizard II
739	114.5qp2r.png	1	114.emlma.png	1	Time Mage
740	114.5qp2r.png	2	114.emlma.png	2	Time Wizard
741	114.5qp2r.png	3	114.emlma.png	3	Explorer Myra
742	114.5qp2r.png	4	114.emlma.png	4	Raider Myra
743	114.5qp2r.png	5	114.emlma.png	5	Explorer Olivia
744	115.fk3vk.png	0	115.42okk.png	0	Raider Olivia
745	115.fk3vk.png	1	115.42okk.png	1	Princess Isolde
746	115.fk3vk.png	2	115.42okk.png	2	Tragic Isolde
747	115.fk3vk.png	3	115.42okk.png	3	Medusa
748	115.fk3vk.png	4	115.42okk.png	4	Gorgon Medusa
749	115.fk3vk.png	5	115.42okk.png	5	Envious Esmerelda
750	116.ft5u0.png	0	116.1lvm2.png	0	The Envious
751	116.ft5u0.png	1	116.1lvm2.png	1	Gluttonous Gideon
752	116.ft5u0.png	2	116.1lvm2.png	2	The Glutton
753	116.ft5u0.png	3	116.1lvm2.png	3	Greedy Ghuzla
754	116.ft5u0.png	4	116.1lvm2.png	4	The Greed
755	116.ft5u0.png	5	116.1lvm2.png	5	Lustful Libbida
756	117.8gga6.png	0	117.7kou6.png	0	The Lust
757	117.8gga6.png	1	117.7kou6.png	1	Prideful Pompo
758	117.8gga6.png	2	117.7kou6.png	2	The Pride
759	117.8gga6.png	3	117.7kou6.png	3	Slothful Slepipi
760	117.8gga6.png	4	117.7kou6.png	4	The Sloth
761	117.8gga6.png	5	117.7kou6.png	5	Wrathful Wade
762	118.267uv.png	0	118.6p9h.png	0	The Wrath
763	118.267uv.png	1	118.6p9h.png	1	Furious Fudo
764	118.267uv.png	2	118.6p9h.png	2	Fudo Aflame
765	118.267uv.png	3	118.6p9h.png	3	Badiaa
766	118.267uv.png	4	118.6p9h.png	4	Madame Badiaa
767	118.267uv.png	5	118.6p9h.png	5	Sarif Industries Adam
768	119.v3h4.png	0	119.5togr.png	0	Lunnain Industries Adam
769	119.v3h4.png	1	119.5togr.png	1	Sarif Industries Khale
770	119.v3h4.png	2	119.5togr.png	2	Augmented Khale
771	119.v3h4.png	3	119.5togr.png	3	Sarif Industries Jack
772	119.v3h4.png	4	119.5togr.png	4	Augmented Jack
773	119.v3h4.png	5	119.5togr.png	5	Sarif Industries Lynne
774	120.ah99m.png	0	120.93cr9.png	0	Augmented Lynne
775	120.ah99m.png	1	120.93cr9.png	1	St. Georgie
776	120.ah99m.png	2	120.93cr9.png	2	Dragonslayer Georgie
777	120.ah99m.png	3	120.93cr9.png	3	St. Patricia
778	120.ah99m.png	4	120.93cr9.png	4	Snakebane Patricia
779	120.ah99m.png	5	120.93cr9.png	5	St. Davina
780	121.1kkgh.png	0	121.2kg1.png	0	Davina the Hillmaker
781	121.1kkgh.png	1	121.2kg1.png	1	St. Andrea
782	121.1kkgh.png	2	121.2kg1.png	2	Andrea the Saltire
783	121.1kkgh.png	3	121.2kg1.png	3	Statue of Dairi
784	121.1kkgh.png	4	121.2kg1.png	4	Odairi-sama
785	121.1kkgh.png	5	121.2kg1.png	5	Statue of Hina
786	122.cekko.png	0	122.3j531.png	0	Ohina-sama
787	122.cekko.png	1	122.3j531.png	1	Bethany
788	122.cekko.png	2	122.3j531.png	2	Bunnybot Bethany
789	122.cekko.png	3	122.3j531.png	3	Shelldon Eggbert
790	122.cekko.png	4	122.3j531.png	4	Egg
791	122.cekko.png	5	122.3j531.png	5	Sakura
792	123.d1jac.png	0	123.1dqcr.png	0	Blossom Sakura
793	123.d1jac.png	1	123.1dqcr.png	1	Alfredo
794	123.d1jac.png	2	123.1dqcr.png	2	Lion Tamer Alfredo
795	123.d1jac.png	3	123.1dqcr.png	3	Otto
796	123.d1jac.png	4	123.1dqcr.png	4	The Fire Dancer
797	123.d1jac.png	5	123.1dqcr.png	5	Gunther
798	124.b5260.png	0	124.edlpl.png	0	The Unicyclist
823	124.b5260.png	1	124.edlpl.png	1	Saruwat
824	124.b5260.png	2	124.edlpl.png	2	Songkran Saruwat
825	124.b5260.png	3	124.edlpl.png	3	Inti Chihuan
826	124.b5260.png	4	124.edlpl.png	4	Shining Inti
827	124.b5260.png	5	124.edlpl.png	5	Hero
828	125.3mr03.png	0	125.7kcc0.png	0	Gemma Knight Hero
829	125.3mr03.png	1	125.7kcc0.png	1	Dark Lord
830	125.3mr03.png	2	125.7kcc0.png	2	Glaive Lord
831	125.3mr03.png	3	125.7kcc0.png	3	Bogard
832	125.3mr03.png	4	125.7kcc0.png	4	Gemma Knight Bogard
833	125.3mr03.png	5	125.7kcc0.png	5	Watts
834	126.fush1.png	0	126.9nimn.png	0	Mythril Watts
835	126.fush1.png	1	126.9nimn.png	1	Heroine
836	126.fush1.png	2	126.9nimn.png	2	Heroine of Mana
837	126.fush1.png	3	126.9nimn.png	3	Julius
838	126.fush1.png	4	126.9nimn.png	4	Demon Form Julius
839	126.fush1.png	5	126.9nimn.png	5	Amanda
841	127.e8b1f.png	1	127.4obto.png	1	Lester
842	127.e8b1f.png	2	127.4obto.png	2	Lester the Harpist
843	127.e8b1f.png	3	127.4obto.png	3	MRC-91
844	127.e8b1f.png	4	127.4obto.png	4	Marcy
845	127.e8b1f.png	5	127.4obto.png	5	Edward Elric
846	128.a947q.png	0	128.c1kd7.png	0	Fullmetal Alchemist
847	128.a947q.png	1	128.c1kd7.png	1	Alphonse Elric
848	128.a947q.png	2	128.c1kd7.png	2	Armoured Alchemist
849	128.a947q.png	3	128.c1kd7.png	3	Winry Rockbell
850	128.a947q.png	4	128.c1kd7.png	4	Automail Engineer
851	128.a947q.png	5	128.c1kd7.png	5	Roy Mustang
852	129.ljkr.png	0	129.6i3ct.png	0	Flame Alchemist
853	129.ljkr.png	1	129.6i3ct.png	1	Riza Hawkeye
854	129.ljkr.png	2	129.6i3ct.png	2	Lieutenant Hawkeye
855	129.ljkr.png	3	129.6i3ct.png	3	King Bradley
856	129.ljkr.png	4	129.6i3ct.png	4	Wrath
857	129.ljkr.png	5	129.6i3ct.png	5	Father Cornello
858	130.4u9mt.png	0	130.cm3jv.png	0	Envy
859	130.4u9mt.png	1	130.cm3jv.png	1	Ling Yao
860	130.4u9mt.png	2	130.cm3jv.png	2	Greed
861	130.4u9mt.png	3	130.cm3jv.png	3	The Scarred Man
862	130.4u9mt.png	4	130.cm3jv.png	4	Scar
863	130.4u9mt.png	5	130.cm3jv.png	5	Homunculus
864	131.6gtq5.png	0	131.5m1t6.png	0	The Father
865	131.6gtq5.png	1	131.5m1t6.png	1	Van Hohenheim
866	131.6gtq5.png	2	131.5m1t6.png	2	The Sorcerer's Stone
867	131.6gtq5.png	3	131.5m1t6.png	3	Protective Lan Fan
868	131.6gtq5.png	4	131.5m1t6.png	4	Lan Fan
869	131.6gtq5.png	5	131.5m1t6.png	5	Alex Louis Armstrong
870	132.600hl.png	0	132.6gjl8.png	0	Rubber Arm Alchemist
871	132.600hl.png	1	132.6gjl8.png	1	Tane
872	132.600hl.png	2	132.6gjl8.png	2	Chief Tane
873	132.600hl.png	3	132.6gjl8.png	3	Dancing Samar
874	132.600hl.png	4	132.6gjl8.png	4	Samar the Destroyer
875	132.600hl.png	5	132.6gjl8.png	5	Water-Cannon Padma
876	133.a5k5d.png	0	133.b8hq7.png	0	Hydroblast Padma
877	133.a5k5d.png	1	133.b8hq7.png	1	Prankster Kiaan
878	133.a5k5d.png	2	133.b8hq7.png	2	Kiaan the Wise
879	133.a5k5d.png	3	133.b8hq7.png	3	Cautious Hanash
880	133.a5k5d.png	4	133.b8hq7.png	4	Proud Hanash
881	133.a5k5d.png	5	133.b8hq7.png	5	Gatherer Ashanti
882	134.9jv87.png	0	134.76e24.png	0	Ashanti the Huntress
883	134.9jv87.png	1	134.76e24.png	1	Coppelia
884	134.9jv87.png	2	134.76e24.png	2	Awoken Coppelia
885	134.9jv87.png	3	134.76e24.png	3	Gerard
886	134.9jv87.png	4	134.76e24.png	4	Awoken Gerard
887	134.9jv87.png	5	134.76e24.png	5	Final Empress
888	135.9ikce.png	0	135.1qbp.png	0	Awoken Final Empress
889	135.9ikce.png	1	135.1qbp.png	1	Final Emperor
890	135.9ikce.png	2	135.1qbp.png	2	Awoken Final Emperor
891	135.9ikce.png	3	135.1qbp.png	3	Minstrel
892	135.9ikce.png	4	135.1qbp.png	4	Awoken Minstrel
893	135.9ikce.png	5	135.1qbp.png	5	Rocbouquet
894	136.8716h.png	0	136.ckhrr.png	0	Awoken Rocbouquet
895	136.8716h.png	1	136.ckhrr.png	1	Leon
896	136.8716h.png	2	136.ckhrr.png	2	Awoken Leon
897	136.8716h.png	3	136.ckhrr.png	3	Noel
898	136.8716h.png	4	136.ckhrr.png	4	Awoken Noel
927	136.8716h.png	5	136.ckhrr.png	5	Sekishusai
928	137.34qfv.png	0	137.6g9kr.png	0	Awoken Sekishusai
929	137.34qfv.png	1	137.6g9kr.png	1	Victor
930	137.34qfv.png	2	137.6g9kr.png	2	Awoken Victor
931	137.34qfv.png	3	137.6g9kr.png	3	Seven Heroes
932	137.34qfv.png	4	137.6g9kr.png	4	Awoken Seven Heroes
933	137.34qfv.png	5	137.6g9kr.png	5	Kzinssie
934	138.7o0i1.png	0	138.3q1sk.png	0	Awoken Kzinssie
935	138.7o0i1.png	1	138.3q1sk.png	1	Bokhohn
936	138.7o0i1.png	2	138.3q1sk.png	2	Awoken Bokhohn
937	138.7o0i1.png	3	138.3q1sk.png	3	Dantarg
938	138.7o0i1.png	4	138.3q1sk.png	4	Awoken Dantarg
939	138.7o0i1.png	5	138.3q1sk.png	5	Subier
940	139.svo7.png	0	139.94tev.png	0	Awoken Subier
941	139.svo7.png	1	139.94tev.png	1	Wagnas
942	139.svo7.png	2	139.94tev.png	2	Awoken Wagnas
943	139.svo7.png	3	139.94tev.png	3	Yuudai Ozeki
944	139.svo7.png	4	139.94tev.png	4	Yuudai Yokozuna
945	139.svo7.png	5	139.94tev.png	5	Oyuun Aslan
946	140.b1cr2.png	0	140.27iqv.png	0	Oyuun the Giant
947	140.b1cr2.png	1	140.27iqv.png	1	Furia Rojo
948	140.b1cr2.png	2	140.27iqv.png	2	Campeon Rojo
949	140.b1cr2.png	3	140.27iqv.png	3	Galmunwang
950	140.b1cr2.png	4	140.27iqv.png	4	King Consort of Silla
951	140.b1cr2.png	5	140.27iqv.png	5	Princess Deokman
952	141.ftakc.png	0	141.44v1j.png	0	Queen Seondeok
953	141.ftakc.png	1	141.44v1j.png	1	GT Aquatic Prototype
954	141.ftakc.png	2	141.44v1j.png	2	Geartron 6000
955	141.ftakc.png	3	141.44v1j.png	3	Brynhildr
956	141.ftakc.png	4	141.44v1j.png	4	Shield Maiden
957	141.ftakc.png	5	141.44v1j.png	5	Loki
958	142.cs3uc.png	0	142.3t9eg.png	0	Shapeshifter Loki
959	142.cs3uc.png	1	142.3t9eg.png	1	Thor
960	142.cs3uc.png	2	142.3t9eg.png	2	God of Thunder
961	142.cs3uc.png	3	142.3t9eg.png	3	Waterbearer Urdr
962	142.cs3uc.png	4	142.3t9eg.png	4	Urdr Norn
963	142.cs3uc.png	5	142.3t9eg.png	5	Skuld Valkyrie
964	143.e9s9j.png	0	143.3p5fm.png	0	Skuld Norn
965	143.e9s9j.png	1	143.3p5fm.png	1	Present Verdandi
966	143.e9s9j.png	2	143.3p5fm.png	2	Verdandi Norn
967	143.e9s9j.png	3	143.3p5fm.png	3	Odin
968	143.e9s9j.png	4	143.3p5fm.png	4	Odin Allfather
969	143.e9s9j.png	5	143.3p5fm.png	5	Lady Freyja
970	144.o211.png	0	144.7kfod.png	0	Valfreyja
971	144.o211.png	1	144.7kfod.png	1	Barry the Lad
972	144.o211.png	2	144.7kfod.png	2	Big Boots Bazza
973	144.o211.png	3	144.7kfod.png	3	Toby Scrum
974	144.o211.png	4	144.7kfod.png	4	Toby Scrumptious
975	144.o211.png	5	144.7kfod.png	5	Anna Racquette
976	145.d184.png	0	145.52fjp.png	0	Champion Anna
977	145.d184.png	1	145.52fjp.png	1	Donny Innings
978	145.d184.png	2	145.52fjp.png	2	Donny Wicket
979	145.d184.png	3	145.52fjp.png	3	Philippa Trot
980	145.d184.png	4	145.52fjp.png	4	Galloping Philippa
981	145.d184.png	5	145.52fjp.png	5	The Dive Lookout
982	146.4v49l.png	0	146.5oi2c.png	0	The Dive Watchman
1001	146.4v49l.png	1	146.5oi2c.png	1	Anubys
1002	146.4v49l.png	2	146.5oi2c.png	2	Dark Anubys
1003	146.4v49l.png	3	146.5oi2c.png	3	Bastet
1004	146.4v49l.png	4	146.5oi2c.png	4	Cat-Warrior Bastet
1005	146.4v49l.png	5	146.5oi2c.png	5	Horus
1006	147.6k8l1.png	0	147.6e8jo.png	0	Horus the Hunter
1007	147.6k8l1.png	1	147.6e8jo.png	1	Khepri
1008	147.6k8l1.png	2	147.6e8jo.png	2	Khepri, Scarab-Eater
1009	147.6k8l1.png	3	147.6e8jo.png	3	Osiris
1010	147.6k8l1.png	4	147.6e8jo.png	4	Necrosiris
1011	147.6k8l1.png	5	147.6e8jo.png	5	Ra
1012	148.ftbct.png	0	148.8aace.png	0	Ra, Creator
1013	148.ftbct.png	1	148.8aace.png	1	Seth
1014	148.ftbct.png	2	148.8aace.png	2	Seth, Storm-Bringer
1015	148.ftbct.png	3	148.8aace.png	3	Thoth
1016	148.ftbct.png	4	148.8aace.png	4	Thoth Omniscient
1017	148.ftbct.png	5	148.8aace.png	5	Bodyboard Mei
1018	149.2eq6d.png	0	149.87ien.png	0	Surfing Mei
1019	149.2eq6d.png	1	149.87ien.png	1	Nageki (Mourning Dove)
1020	149.2eq6d.png	2	149.87ien.png	2	Nageki Fujishiro
1021	149.2eq6d.png	3	149.87ien.png	3	Anghel (Bleeding Heart)
1022	149.2eq6d.png	4	149.87ien.png	4	Anghel Higure
1023	149.2eq6d.png	5	149.87ien.png	5	Kazuaki (King Quail)
1024	150.f3qv7.png	0	150.18bi8.png	0	Kazuaki Nanaki
1025	150.f3qv7.png	1	150.18bi8.png	1	Sakuya (Fantail Pigeon)
1026	150.f3qv7.png	2	150.18bi8.png	2	Sakuya Le Bel Shirogane
1027	150.f3qv7.png	3	150.18bi8.png	3	Yuuya (Fantail Pigeon)
1028	150.f3qv7.png	4	150.18bi8.png	4	Yuuya Sakazaki
1031	184.5316c.png	2	184.sgng.png	2	Admiral Anchorage
1033	174.drf91.png	3	174.dolur.png	3	Gatling Elite
1039	150.f3qv7.png	5	150.18bi8.png	5	Seeker of Ascension
1043	151.98j70.png	0	151.64i0n.png	0	The High Roller
1045	159.53koo.png	5	159.bnctn.png	5	The Ageless One
1047	151.98j70.png	1	151.64i0n.png	1	GT Flying Prototype
1048	151.98j70.png	2	151.64i0n.png	2	Geartron 7000
1049	151.98j70.png	3	151.64i0n.png	3	Explorer Meredith
1050	151.98j70.png	4	151.64i0n.png	4	Raider Meredith
1051	151.98j70.png	5	151.64i0n.png	5	Explorer Lapom
1052	152.fo7fo.png	0	152.4djq5.png	0	Raider Lapom
1053	152.fo7fo.png	1	152.4djq5.png	1	Explorer Gatling
1054	152.fo7fo.png	2	152.4djq5.png	2	Raider Gatling
1055	152.fo7fo.png	3	152.4djq5.png	3	Explorer White Mage
1056	152.fo7fo.png	4	152.4djq5.png	4	Raider White Mage
1057	152.fo7fo.png	5	152.4djq5.png	5	Aurelius the Futurist
1058	153.8n1fm.png	0	153.8hv1q.png	0	Time-travelling Aurelius
1059	153.8n1fm.png	1	153.8hv1q.png	1	Chrome Traveller
1060	153.8n1fm.png	2	153.8hv1q.png	2	Moon Surfer
1061	153.8n1fm.png	3	153.8hv1q.png	3	Minotron
1062	153.8n1fm.png	4	153.8hv1q.png	4	Mega Minotron X
1063	153.8n1fm.png	5	153.8hv1q.png	5	Coral Finn
1064	154.bsdr9.png	0	154.9189j.png	0	Pearl-clutching Coral
1065	184.5316c.png	3	184.sgng.png	3	Veiled Jack
1066	184.5316c.png	4	184.sgng.png	4	Fallen Jack
1075	154.bsdr9.png	1	154.9189j.png	1	Bathilda
1076	154.bsdr9.png	2	154.9189j.png	2	Adoring Bathilda
1077	154.bsdr9.png	3	154.9189j.png	3	Melchiara
1078	154.bsdr9.png	4	154.9189j.png	4	Devoted Melchiara
1079	154.bsdr9.png	5	154.9189j.png	5	Cassandra
1080	155.c17sl.png	0	155.6k1ir.png	0	Venerated Cassandra
1081	155.c17sl.png	1	155.6k1ir.png	1	Caera Couture
1082	155.c17sl.png	2	155.6k1ir.png	2	Battleborn Caera
1085	155.c17sl.png	3	155.6k1ir.png	3	Gongji
1086	155.c17sl.png	4	155.6k1ir.png	4	Lucky Gongji
1087	155.c17sl.png	5	155.6k1ir.png	5	Eisheth
1088	156.5f4f0.png	0	156.d1l3e.png	0	Eisheth the Tyrannical
1089	156.5f4f0.png	1	156.d1l3e.png	1	Asmodai
1090	156.5f4f0.png	2	156.d1l3e.png	2	Asmodai the Chaotic
1091	156.5f4f0.png	3	156.d1l3e.png	3	Belial
1092	156.5f4f0.png	4	156.d1l3e.png	4	Belial the Magus
1093	156.5f4f0.png	5	156.d1l3e.png	5	Dagon
1094	157.5uj1m.png	0	157.7itui.png	0	Dagon the Horror
1095	157.5uj1m.png	1	157.7itui.png	1	Makinui
1096	157.5uj1m.png	2	157.7itui.png	2	Regal Makinui
1097	157.5uj1m.png	3	157.7itui.png	3	Eros
1098	157.5uj1m.png	4	157.7itui.png	4	Eros the Enamoured
1099	157.5uj1m.png	5	157.7itui.png	5	Anteros
1100	158.6e0ga.png	0	158.6ibju.png	0	Anteros the Selfless
1101	158.6e0ga.png	1	158.6ibju.png	1	Kakaru
1102	158.6e0ga.png	2	158.6ibju.png	2	Great Kakaru
1103	158.6e0ga.png	3	158.6ibju.png	3	Eoghan
1104	158.6e0ga.png	4	158.6ibju.png	4	 Emerald Eoghan
1105	158.6e0ga.png	5	158.6ibju.png	5	Raijin
1106	159.53koo.png	0	159.bnctn.png	0	Raijin Tempest
1107	159.53koo.png	3	159.bnctn.png	3	Fujin
1108	159.53koo.png	4	159.bnctn.png	4	Fujin Windrider
1109	159.53koo.png	1	159.bnctn.png	1	Polly
1110	159.53koo.png	2	159.bnctn.png	2	Polly Technic
1111	171.5bbl6.png	5	171.dcn42.png	5	Redd
1112	172.ac3o1.png	0	172.83laj.png	0	Redd Brick
1113	172.ac3o1.png	3	172.83laj.png	3	Alma
1114	172.ac3o1.png	4	172.83laj.png	4	Alma Mater
1115	173.6jhbk.png	1	173.d4m6.png	1	Ivy
1116	173.6jhbk.png	2	173.d4m6.png	2	Ivy Leegue
1117	172.ac3o1.png	5	172.83laj.png	5	Kareni
1118	173.6jhbk.png	0	173.d4m6.png	0	Honourable Kareni
1119	173.6jhbk.png	3	173.d4m6.png	3	Steam Engineer Cole
1120	173.6jhbk.png	4	173.d4m6.png	4	Chief Engineer Cole
1121	173.6jhbk.png	5	173.d4m6.png	5	Fifur
1122	174.drf91.png	0	174.dolur.png	0	Fifur Corday
1123	174.drf91.png	1	174.dolur.png	1	Booth
1124	174.drf91.png	2	174.dolur.png	2	Booth Kavar
1125	174.drf91.png	4	174.dolur.png	4	Brutus
1126	174.drf91.png	5	174.dolur.png	5	Brutus Woundheart
1127	175.d5d5j.png	4	175.2rnhh.png	4	Silva
1128	175.d5d5j.png	5	175.2rnhh.png	5	Silva Balthasar
1129	175.d5d5j.png	0	175.2rnhh.png	0	Flora
1130	175.d5d5j.png	1	175.2rnhh.png	1	The May Queen
1131	176.3rbf0.png	0	176.2f5be.png	0	Xiong Mao
1132	176.3rbf0.png	1	176.2f5be.png	1	Da Xiong Mao
1133	176.3rbf0.png	2	176.2f5be.png	2	Punua Kuri
1134	176.3rbf0.png	3	176.2f5be.png	3	Fearless Kuri
1135	176.3rbf0.png	4	176.2f5be.png	4	Ikaika
1136	176.3rbf0.png	5	176.2f5be.png	5	Ikaika Nui
1137	177.1u172.png	0	177.75aon.png	0	Meavis
1138	177.1u172.png	1	177.75aon.png	1	Meavis Peacelove
1139	177.1u172.png	2	177.75aon.png	2	Dreamcandy
1140	177.1u172.png	3	177.75aon.png	3	Princess Sparklegleam
1141	177.1u172.png	4	177.75aon.png	4	Lucetius
1142	177.1u172.png	5	177.75aon.png	5	Lucetius Halley
1143	178.dbc71.png	0	178.9hqmp.png	0	Terra
1144	178.dbc71.png	1	178.9hqmp.png	1	Terra Copernicus
1145	178.dbc71.png	4	178.9hqmp.png	4	Hermes
1146	178.dbc71.png	5	178.9hqmp.png	5	Hermes Messier
1147	178.dbc71.png	2	178.9hqmp.png	2	Venia
1148	178.dbc71.png	3	178.9hqmp.png	3	Venia Cassini
1149	179.fv317.png	0	179.94pu9.png	0	Ares
1150	179.fv317.png	1	179.94pu9.png	1	Ares Drake
1151	180.ao1ad.png	0	180.9ql3i.png	0	Satre
1152	180.ao1ad.png	1	180.9ql3i.png	1	Satre Galileo
1153	179.fv317.png	2	179.94pu9.png	2	Belladonna
1154	179.fv317.png	3	179.94pu9.png	3	The Twilight Queen
1155	179.fv317.png	4	179.94pu9.png	4	Chase
1156	179.fv317.png	5	179.94pu9.png	5	The Gunslinger
1157	180.ao1ad.png	2	180.9ql3i.png	2	Bonnie Rhona
1158	180.ao1ad.png	3	180.9ql3i.png	3	Rhona MacCrimmons
1159	180.ao1ad.png	4	180.9ql3i.png	4	Cannie Mairi
1160	180.ao1ad.png	5	180.9ql3i.png	5	Mairi Mackay
1161	181.7j31h.png	0	181.ct2m1.png	0	Mako Finn
1162	181.7j31h.png	1	181.ct2m1.png	1	Maw-Mashing Mako
1163	181.7j31h.png	2	181.ct2m1.png	2	Priya
1164	181.7j31h.png	3	181.ct2m1.png	3	Priya Matki
1165	181.7j31h.png	4	181.ct2m1.png	4	Lifesaving Logan
1166	181.7j31h.png	5	181.ct2m1.png	5	Logan Aikau
1167	182.aq2dv.png	0	182.btnsq.png	0	Cherry
1168	182.aq2dv.png	1	182.btnsq.png	1	Sunblushed Cherry
1169	182.aq2dv.png	2	182.btnsq.png	2	Auld Allistair
1170	182.aq2dv.png	3	182.btnsq.png	3	Allistair MacGregor
1171	182.aq2dv.png	4	182.btnsq.png	4	Hip Herb
1172	182.aq2dv.png	5	182.btnsq.png	5	Dreadlocked Herb
1173	183.57cq7.png	0	183.cgq25.png	0	Vacation Bors
1174	183.57cq7.png	1	183.cgq25.png	1	Beach-Bod Bors
1175	183.57cq7.png	2	183.cgq25.png	2	Dia
1176	183.57cq7.png	3	183.cgq25.png	3	Shining Dia
1177	183.57cq7.png	4	183.cgq25.png	4	Ludwig
1178	183.57cq7.png	5	183.cgq25.png	5	The Beer Baron
1179	184.5316c.png	0	184.sgng.png	0	Wee Angus
1180	184.5316c.png	1	184.sgng.png	1	Angus MacArthur
1181	184.5316c.png	5	184.sgng.png	5	Amett
1182	185.3u9at.png	0	185.7kuui.png	0	Sparkling Amett
1183	185.3u9at.png	1	185.7kuui.png	1	Garna
1184	185.3u9at.png	2	185.7kuui.png	2	Glittering Garna
1185	185.3u9at.png	3	185.7kuui.png	3	Anyanwu
1186	185.3u9at.png	4	185.7kuui.png	4	Anyanwu Rising
1187	185.3u9at.png	5	185.7kuui.png	5	Stanley
1188	186.6i623.png	0	186.2ku76.png	0	Stanley Zambo
1191	186.6i623.png	1	186.2ku76.png	1	Opelle
1192	186.6i623.png	2	186.2ku76.png	2	Glowing Opelle
1195	186.6i623.png	3	186.2ku76.png	3	Zaph
1196	186.6i623.png	4	186.2ku76.png	4	Gleaming Zaph
1199	186.6i623.png	5	186.2ku76.png	5	José
1200	187.a1iu3.png	0	187.96hnj.png	0	José Decomposé
1203	187.a1iu3.png	1	187.96hnj.png	1	Catrina
1204	187.a1iu3.png	2	187.96hnj.png	2	Cadaverous Catrina
1205	187.a1iu3.png	3	187.96hnj.png	3	Diego
1206	187.a1iu3.png	4	187.96hnj.png	4	Dearly Departed Diego
